label,episode,opponent,seat,mine,theirs,rec_mine,rec_theirs,was_loss,won
PASTURE_TILT=None,episode-93757069-replay,Harshith revuru,0,70886.0,52020.0,51762.0,52007.0,1
PASTURE_TILT=None,episode-93758481-replay,Marjao,1,160895.0,61407.0,161566.0,61407.0,1
PASTURE_TILT=None,episode-93759367-replay,shi_koyo,0,107983.0,17979.0,108881.0,17979.0,1
PASTURE_TILT=None,episode-93759550-replay,aarav221w,1,108676.0,28135.0,108483.0,28135.0,1
PASTURE_TILT=None,episode-93760257-replay,victor souza,1,102066.0,50610.0,101957.0,50610.0,1
PASTURE_TILT=None,episode-93761159-replay,Saivedant Hava,1,70063.0,68926.0,67721.0,68926.0,1
PASTURE_TILT=None,episode-93762065-replay,xixi,1,102008.0,64597.0,101539.0,64597.0,1
PASTURE_TILT=None,episode-93762963-replay,yunus_bayram_kagle,0,124847.0,105464.0,124983.0,105441.0,1
PASTURE_TILT=None,episode-93763879-replay,Andrew Lee,1,115083.0,95469.0,115371.0,95442.0,1
PASTURE_TILT=None,episode-93764779-replay,ariacat,0,144082.0,123079.0,144257.0,123058.0,1
PASTURE_TILT=None,episode-93765679-replay,Stitch Clarity,1,114088.0,90889.0,113734.0,90870.0,1
PASTURE_TILT=None,episode-93766585-replay,Jesy Lu,1,103858.0,80599.0,104745.0,80597.0,1
PASTURE_TILT=None,episode-93767478-replay,Leon Christians,0,139315.0,118465.0,139484.0,118438.0,1
PASTURE_TILT=None,episode-93768382-replay,Fitzcarraldo,1,68135.0,40043.0,67090.0,40013.0,1
PASTURE_TILT=None,episode-93769289-replay,Nikola010,1,137391.0,122103.0,137532.0,122081.0,1
PASTURE_TILT=None,episode-93770191-replay,Furina,0,65995.0,55824.0,65526.0,55765.0,1
PASTURE_TILT=None,episode-93771104-replay,Hoaquason,0,112734.0,74444.0,112620.0,74397.0,1
PASTURE_TILT=None,episode-93772007-replay,윤영일,0,72948.0,62553.0,72686.0,62545.0,1
PASTURE_TILT=None,episode-93772911-replay,Auxileon,1,144031.0,104799.0,143937.0,104756.0,1
PASTURE_TILT=None,episode-93773807-replay,Amy Yuan,1,91492.0,90209.0,91222.0,90171.0,1
PASTURE_TILT=None,episode-93774742-replay,luna is free！,1,68152.0,42079.0,61496.0,42035.0,1
PASTURE_TILT=None,episode-93775654-replay,ROFIQUL ALAM SHEHAB,0,94674.0,75577.0,93748.0,75529.0,1
PASTURE_TILT=None,episode-93776588-replay,Ritesh Thawkar,1,75547.0,56450.0,74711.0,56415.0,1
PASTURE_TILT=None,episode-93777643-replay,Петьо Лазаров,0,82492.0,58147.0,78348.0,57792.0,1
PASTURE_TILT=None,episode-93778424-replay,🔥🦫📿🗽,1,109717.0,72287.0,109241.0,71953.0,1
PASTURE_TILT=None,episode-93779362-replay,A.K.NITHIN,0,92958.0,75579.0,93358.0,75525.0,1
PASTURE_TILT=None,episode-93780301-replay,KoRo2_JP,0,65179.0,42383.0,64544.0,42345.0,1
PASTURE_TILT=None,episode-93781273-replay,roma,1,131148.0,97665.0,130370.0,97541.0,1
PASTURE_TILT=None,episode-93781740-replay,Jince,1,59097.0,92078.0,58067.0,92068.0,0
PASTURE_TILT=None,episode-93781840-replay,Crisis Liu,0,138301.0,107443.0,138050.0,107332.0,1
PASTURE_TILT=None,episode-93782346-replay,gagacrow,0,59380.0,37964.0,58498.0,37849.0,1
PASTURE_TILT=None,episode-93782850-replay,Kujaomega,0,111444.0,94211.0,111034.0,94156.0,1
PASTURE_TILT=None,episode-93783342-replay,Marco DG,0,82824.0,64369.0,81810.0,64217.0,1
PASTURE_TILT=None,episode-93783823-replay,KKY,0,78238.0,62119.0,77710.0,62040.0,1
PASTURE_TILT=None,episode-93784307-replay,养殖一些扫福睿,1,71864.0,57752.0,70384.0,57678.0,1
PASTURE_TILT=None,episode-93784790-replay,xiy lin,1,87215.0,81574.0,83657.0,81515.0,1
PASTURE_TILT=None,episode-93785277-replay,Eishkaran Singh,1,102460.0,84415.0,102409.0,84353.0,1
PASTURE_TILT=None,episode-93785778-replay,Shin7jp,1,109423.0,88545.0,109769.0,88459.0,1
PASTURE_TILT=None,episode-93786278-replay,midnq,0,102450.0,88064.0,102560.0,88005.0,1
PASTURE_TILT=None,episode-93786735-replay,xiao cat q,0,103416.0,86539.0,103097.0,86474.0,1
PASTURE_TILT=None,episode-93787233-replay,jorge fabian avila,0,117540.0,99309.0,117241.0,99248.0,1
PASTURE_TILT=None,episode-93787722-replay,Octavi Grau,0,83480.0,69840.0,82937.0,69690.0,1
PASTURE_TILT=None,episode-93788031-replay,Cary Jin,0,111956.0,113120.0,111947.0,113105.0,0
PASTURE_TILT=None,episode-93788202-replay,Jiayi Tang,1,125919.0,135892.0,125334.0,135865.0,0
PASTURE_TILT=None,episode-93788685-replay,iVl44d,1,117976.0,128996.0,117893.0,128973.0,0
PASTURE_TILT=None,episode-93789175-replay,Prajwal M,1,86909.0,86838.0,86219.0,86714.0,1
PASTURE_TILT=None,episode-93789664-replay,henri66,1,66519.0,39977.0,50449.0,39976.0,1
PASTURE_TILT=None,episode-93790138-replay,Rucbic,1,71869.0,65600.0,72191.0,65572.0,1
PASTURE_TILT=None,episode-93790617-replay,Filippo Gombac,1,143532.0,116335.0,143163.0,116270.0,1
PASTURE_TILT=None,episode-93791108-replay,Victor's Team,0,83044.0,65882.0,81944.0,65687.0,1
PASTURE_TILT=None,episode-93791598-replay,Feng Jiahui,0,126589.0,106386.0,126365.0,106249.0,1
PASTURE_TILT=None,episode-93792088-replay,Yanxi Jiang,1,126283.0,102952.0,126471.0,102814.0,1
PASTURE_TILT=None,episode-93792566-replay,larry54321zhao,0,69485.0,61382.0,68680.0,61370.0,1
PASTURE_TILT=None,episode-93793057-replay,Kerem Ercin,1,104224.0,87466.0,103662.0,87325.0,1
PASTURE_TILT=None,episode-93793530-replay,Aic,1,143253.0,117616.0,142410.0,117444.0,1
PASTURE_TILT=None,episode-93794083-replay,Shivam_2212,1,87702.0,76637.0,87476.0,76584.0,1
PASTURE_TILT=None,episode-93794494-replay,Mike Mordetsky,1,70837.0,58220.0,69973.0,58125.0,1
PASTURE_TILT=None,episode-93794969-replay,B.Pushpanjali,1,75155.0,71969.0,75046.0,71935.0,1
PASTURE_TILT=None,episode-93795455-replay,José Luis Gómezz,0,89884.0,81666.0,89966.0,81611.0,1
PASTURE_TILT=None,episode-93795935-replay,iVl44d,1,85400.0,75941.0,84783.0,75923.0,1
PASTURE_TILT=None,episode-93796422-replay,Bibek,1,67785.0,56957.0,67295.0,56895.0,1
PASTURE_TILT=None,episode-93796916-replay,Chaitanya Sonaje,0,81274.0,65373.0,79996.0,65330.0,1
PASTURE_TILT=None,episode-93797242-replay,David Estevez,0,81766.0,79851.0,81108.0,79798.0,1
PASTURE_TILT=None,episode-93797397-replay,Utkarsh Prakash Srivastava,0,79131.0,66626.0,79078.0,66470.0,1
PASTURE_TILT=None,episode-93797877-replay,Vernon Campbell,0,70468.0,64784.0,67768.0,64739.0,1
PASTURE_TILT=None,episode-93798356-replay,Garigariyong,0,73948.0,61000.0,73205.0,60882.0,1
PASTURE_TILT=None,episode-93799715-replay,We are Charlie Brown,1,66255.0,68018.0,65305.0,67987.0,0
PASTURE_TILT=None,episode-93800883-replay,vijaikm,1,71717.0,72619.0,70792.0,72588.0,0
PASTURE_TILT=None,episode-93806633-replay,Yeswanthperni,0,90024.0,89730.0,89837.0,89683.0,1
PASTURE_TILT=None,episode-93808591-replay,Kevin Zhao,0,87248.0,77037.0,87063.0,76990.0,1
PASTURE_TILT=None,episode-93814174-replay,zyvren,1,107535.0,104380.0,106169.0,104372.0,1
PASTURE_TILT=None,episode-93818931-replay,Jeff Marc E. Cadet,0,63064.0,86767.0,61212.0,86742.0,0
PASTURE_TILT=None,episode-93828203-replay,RuiFSPinto,1,100754.0,99430.0,100904.0,99307.0,1
PASTURE_TILT=None,episode-93831516-replay,Yogesh Jadhav,1,112189.0,111129.0,112151.0,111064.0,1
PASTURE_TILT=None,episode-93844070-replay,Prashant,1,55854.0,50650.0,50737.0,50649.0,1
PASTURE_TILT=None,episode-93851015-replay,Maksim Borisov,0,93276.0,97303.0,92834.0,97271.0,0
PASTURE_TILT=None,episode-93853779-replay,Vigneshwaran S,0,96339.0,84256.0,95707.0,84105.0,1
PASTURE_TILT=None,episode-93855245-replay,Shantanu Kesarkar,1,65502.0,62713.0,64257.0,62654.0,1
PASTURE_TILT=None,episode-93859704-replay,Alexander Kokshenin,0,101868.0,99065.0,101383.0,98972.0,1
PASTURE_TILT=None,episode-93871275-replay,Yuzu,0,102902.0,101543.0,102193.0,101508.0,1
PASTURE_TILT=None,episode-93877486-replay,Lorenzo Regalado,1,92220.0,86755.0,91387.0,86643.0,1
PASTURE_TILT=None,episode-93878312-replay,UmutUygurr,0,81949.0,78419.0,81382.0,78292.0,1
PASTURE_TILT=None,episode-93879128-replay,Aadi,0,70670.0,74434.0,70412.0,74404.0,0
PASTURE_TILT=None,episode-93882793-replay,Songyot P,0,130979.0,129474.0,130122.0,129422.0,1
PASTURE_TILT=None,episode-93888993-replay,Alexander Kokshenin,0,82109.0,78715.0,80296.0,78691.0,1
PASTURE_TILT=None,episode-93891311-replay,mandgeee,0,90322.0,102488.0,88669.0,102467.0,0
PASTURE_TILT=None,episode-93892452-replay,lime0001,1,117587.0,116278.0,117754.0,116227.0,1
PASTURE_TILT=None,episode-93899596-replay,winwinwin,0,105401.0,101765.0,105206.0,101755.0,1
PASTURE_TILT=None,episode-93902117-replay,Kers Aoyagi,0,101993.0,110573.0,101824.0,110555.0,0
PASTURE_TILT=None,episode-93918571-replay,automatylicza,0,105395.0,114036.0,104847.0,114009.0,0
PASTURE_TILT=None,episode-93932078-replay,The Coder Geek Squad Leader,0,82137.0,79252.0,80569.0,79251.0,1
PASTURE_TILT=None,episode-93935341-replay,kay.liechtenstein,0,51699.0,55875.0,51511.0,55841.0,0
PASTURE_TILT=None,episode-93939954-replay,Yuki.O,0,85376.0,82135.0,85894.0,82092.0,1
PASTURE_TILT=None,episode-93952248-replay,Gaurav_065,0,136916.0,134870.0,137096.0,134813.0,1
PASTURE_TILT=None,episode-93955019-replay,stpete_ishii,0,81807.0,76194.0,78047.0,76162.0,1
PASTURE_TILT=None,episode-93970672-replay,ikeuchy,0,83403.0,80623.0,81064.0,80497.0,1
PASTURE_TILT=None,episode-93976060-replay,Aqib Raza,1,89287.0,87625.0,88521.0,87525.0,1
PASTURE_TILT=None,episode-93991785-replay,Alejandro Ayestaran,1,81923.0,80537.0,80900.0,80374.0,1
PASTURE_TILT=None,episode-93991966-replay,yuki #2,1,102569.0,101387.0,101596.0,101346.0,1
PASTURE_TILT=None,episode-93993495-replay,Raef Guizani,0,57977.0,59583.0,58207.0,59567.0,0
PASTURE_TILT=None,episode-94008657-replay,Lynxx,1,67791.0,49430.0,52662.0,49416.0,1
PASTURE_TILT=None,episode-94021856-replay,Junior Sohou,1,78512.0,74702.0,78191.0,74677.0,1
PASTURE_TILT=None,episode-94032149-replay,Furious Monk,1,61695.0,91582.0,61491.0,91568.0,0
PASTURE_TILT=None,episode-94042066-replay,LE4VES,1,68487.0,67207.0,68484.0,67175.0,1
PASTURE_TILT=None,episode-94044651-replay,Daris Dzakwan Hoesien,1,87324.0,86759.0,87554.0,86670.0,1
PASTURE_TILT=None,episode-94050542-replay,InformaBook2,0,124904.0,145928.0,124914.0,145895.0,0
PASTURE_TILT=None,episode-94050652-replay,vladee,0,52165.0,52487.0,47973.0,52467.0,0
PASTURE_TILT=None,episode-94053099-replay,Hak,1,84591.0,91822.0,85365.0,91806.0,0
PASTURE_TILT=None,episode-94061291-replay,Wufang Hong,1,94734.0,99848.0,94914.0,99812.0,0
PASTURE_TILT=None,episode-94066652-replay,yotsutose,1,49720.0,41972.0,40675.0,41817.0,1
PASTURE_TILT=None,episode-94072692-replay,RuiFSPinto,0,133151.0,132326.0,133075.0,132266.0,1
PASTURE_TILT=None,episode-94079902-replay,NIklitaCheporev,1,129992.0,133196.0,129831.0,133177.0,0
PASTURE_TILT=None,episode-94083373-replay,Gebreab K. Zewdie,1,112462.0,116382.0,112752.0,116344.0,0
PASTURE_TILT=None,episode-94083427-replay,Rahul Jiwane,1,78820.0,77710.0,79031.0,77658.0,1
PASTURE_TILT=None,episode-94085829-replay,Krzysztof Madziar,0,131791.0,141369.0,130945.0,141350.0,0
PASTURE_TILT=None,episode-94086726-replay,Izzoudine Mohamed KANTA,0,90746.0,98396.0,91344.0,98377.0,0
PASTURE_TILT=None,episode-94089395-replay,Ankit Hemant Lade,0,70101.0,70546.0,67162.0,70515.0,0
PASTURE_TILT=None,episode-94098102-replay,Le Trong Hieu,0,96050.0,94812.0,96605.0,94767.0,1
PASTURE_TILT=None,episode-94112306-replay,FinalSunFlower,1,113098.0,123330.0,112930.0,123310.0,0
PASTURE_TILT=None,episode-94112411-replay,Salem Ali,0,108616.0,106381.0,107461.0,106218.0,1
PASTURE_TILT=None,episode-94114912-replay,史永刚,0,102406.0,97975.0,101851.0,97939.0,1
PASTURE_TILT=None,episode-94129207-replay,ABHIRUP DAS,0,100716.0,96995.0,99396.0,96994.0,1
PASTURE_TILT=None,episode-94133492-replay,James Felipe,0,101083.0,113671.0,101427.0,113655.0,0
PASTURE_TILT=None,episode-94147462-replay,XYZ,0,107584.0,122257.0,108012.0,122226.0,0
PASTURE_TILT=None,episode-94150835-replay,william,0,112783.0,112180.0,112576.0,112021.0,1
PASTURE_TILT=None,episode-94163261-replay,Jacky Chan,1,89954.0,87319.0,89021.0,87281.0,1
PASTURE_TILT=None,episode-94171901-replay,Fususu,0,100620.0,106117.0,100448.0,106101.0,0
PASTURE_TILT=None,episode-94194480-replay,Astraeus,1,62627.0,89703.0,57625.0,89693.0,0
PASTURE_TILT=None,episode-94198770-replay,Vaibhav Patel,0,116662.0,117367.0,114985.0,117309.0,0
PASTURE_TILT=None,episode-94199259-replay,Alperen Söylen,0,99220.0,110519.0,99563.0,110495.0,0
PASTURE_TILT=None,episode-94206993-replay,Francesco Montone,1,61094.0,58532.0,58880.0,58510.0,1
PASTURE_TILT=None,episode-94223143-replay,Chiranjieev,1,135347.0,140740.0,135527.0,140759.0,0
PASTURE_TILT=None,episode-94226759-replay,Shantanu Kesarkar,1,57083.0,58155.0,56975.0,58139.0,0
PASTURE_TILT=None,episode-94242548-replay,maco-macoo,1,66935.0,64952.0,66216.0,64907.0,1
PASTURE_TILT=None,episode-94249446-replay,moss,1,110305.0,111384.0,110121.0,111363.0,0
PASTURE_TILT=None,episode-94253199-replay,patience,0,93573.0,92536.0,93840.0,92495.0,1
PASTURE_TILT=None,episode-94255141-replay,Feng Jiahui,1,128783.0,126720.0,128613.0,126678.0,1
PASTURE_TILT=None,episode-94262644-replay,Rilen T. L.,1,81458.0,81937.0,80632.0,81918.0,0
PASTURE_TILT=1.0,episode-93757069-replay,Harshith revuru,0,70886.0,52020.0,51762.0,52007.0,1
PASTURE_TILT=1.0,episode-93758481-replay,Marjao,1,160895.0,61407.0,161566.0,61407.0,1
PASTURE_TILT=1.0,episode-93759367-replay,shi_koyo,0,107983.0,17979.0,108881.0,17979.0,1
PASTURE_TILT=1.0,episode-93759550-replay,aarav221w,1,108676.0,28135.0,108483.0,28135.0,1
PASTURE_TILT=1.0,episode-93760257-replay,victor souza,1,105329.0,69379.0,101957.0,50610.0,1
PASTURE_TILT=1.0,episode-93761159-replay,Saivedant Hava,1,74991.0,71023.0,67721.0,68926.0,1
PASTURE_TILT=1.0,episode-93762065-replay,xixi,1,102008.0,64597.0,101539.0,64597.0,1
PASTURE_TILT=1.0,episode-93762963-replay,yunus_bayram_kagle,0,126644.0,127067.0,124983.0,105441.0,0
PASTURE_TILT=1.0,episode-93763879-replay,Andrew Lee,1,115083.0,95469.0,115371.0,95442.0,1
PASTURE_TILT=1.0,episode-93764779-replay,ariacat,0,144082.0,123079.0,144257.0,123058.0,1
PASTURE_TILT=1.0,episode-93765679-replay,Stitch Clarity,1,114088.0,90889.0,113734.0,90870.0,1
PASTURE_TILT=1.0,episode-93766585-replay,Jesy Lu,1,103858.0,80599.0,104745.0,80597.0,1
PASTURE_TILT=1.0,episode-93767478-replay,Leon Christians,0,139315.0,118465.0,139484.0,118438.0,1
PASTURE_TILT=1.0,episode-93768382-replay,Fitzcarraldo,1,68135.0,40043.0,67090.0,40013.0,1
PASTURE_TILT=1.0,episode-93769289-replay,Nikola010,1,137391.0,122103.0,137532.0,122081.0,1
PASTURE_TILT=1.0,episode-93770191-replay,Furina,0,75677.0,56984.0,65526.0,55765.0,1
PASTURE_TILT=1.0,episode-93771104-replay,Hoaquason,0,112734.0,74444.0,112620.0,74397.0,1
PASTURE_TILT=1.0,episode-93772007-replay,윤영일,0,72948.0,62553.0,72686.0,62545.0,1
PASTURE_TILT=1.0,episode-93772911-replay,Auxileon,1,144031.0,104799.0,143937.0,104756.0,1
PASTURE_TILT=1.0,episode-93773807-replay,Amy Yuan,1,91492.0,90209.0,91222.0,90171.0,1
PASTURE_TILT=1.0,episode-93774742-replay,luna is free！,1,68152.0,42079.0,61496.0,42035.0,1
PASTURE_TILT=1.0,episode-93775654-replay,ROFIQUL ALAM SHEHAB,0,94674.0,75577.0,93748.0,75529.0,1
PASTURE_TILT=1.0,episode-93776588-replay,Ritesh Thawkar,1,75547.0,56450.0,74711.0,56415.0,1
PASTURE_TILT=1.0,episode-93777643-replay,Петьо Лазаров,0,88056.0,59378.0,78348.0,57792.0,1
PASTURE_TILT=1.0,episode-93778424-replay,🔥🦫📿🗽,1,109717.0,72287.0,109241.0,71953.0,1
PASTURE_TILT=1.0,episode-93779362-replay,A.K.NITHIN,0,92958.0,75579.0,93358.0,75525.0,1
PASTURE_TILT=1.0,episode-93780301-replay,KoRo2_JP,0,65179.0,42383.0,64544.0,42345.0,1
PASTURE_TILT=1.0,episode-93781273-replay,roma,1,131148.0,97665.0,130370.0,97541.0,1
PASTURE_TILT=1.0,episode-93781740-replay,Jince,1,65117.0,92040.0,58067.0,92068.0,0
PASTURE_TILT=1.0,episode-93781840-replay,Crisis Liu,0,138301.0,107443.0,138050.0,107332.0,1
PASTURE_TILT=1.0,episode-93782346-replay,gagacrow,0,59380.0,37964.0,58498.0,37849.0,1
PASTURE_TILT=1.0,episode-93782850-replay,Kujaomega,0,111444.0,94211.0,111034.0,94156.0,1
PASTURE_TILT=1.0,episode-93783342-replay,Marco DG,0,88224.0,65281.0,81810.0,64217.0,1
PASTURE_TILT=1.0,episode-93783823-replay,KKY,0,78238.0,62119.0,77710.0,62040.0,1
PASTURE_TILT=1.0,episode-93784307-replay,养殖一些扫福睿,1,77678.0,58901.0,70384.0,57678.0,1
PASTURE_TILT=1.0,episode-93784790-replay,xiy lin,1,87215.0,81574.0,83657.0,81515.0,1
PASTURE_TILT=1.0,episode-93785277-replay,Eishkaran Singh,1,102460.0,84415.0,102409.0,84353.0,1
PASTURE_TILT=1.0,episode-93785778-replay,Shin7jp,1,109423.0,88545.0,109769.0,88459.0,1
PASTURE_TILT=1.0,episode-93786278-replay,midnq,0,110469.0,111577.0,102560.0,88005.0,0
PASTURE_TILT=1.0,episode-93786735-replay,xiao cat q,0,109398.0,88845.0,103097.0,86474.0,1
PASTURE_TILT=1.0,episode-93787233-replay,jorge fabian avila,0,122305.0,104847.0,117241.0,99248.0,1
PASTURE_TILT=1.0,episode-93787722-replay,Octavi Grau,0,94987.0,86526.0,82937.0,69690.0,1
PASTURE_TILT=1.0,episode-93788031-replay,Cary Jin,0,111956.0,113120.0,111947.0,113105.0,0
PASTURE_TILT=1.0,episode-93788202-replay,Jiayi Tang,1,125919.0,135892.0,125334.0,135865.0,0
PASTURE_TILT=1.0,episode-93788685-replay,iVl44d,1,112586.0,139308.0,117893.0,128973.0,0
PASTURE_TILT=1.0,episode-93789175-replay,Prajwal M,1,93155.0,92958.0,86219.0,86714.0,1
PASTURE_TILT=1.0,episode-93789664-replay,henri66,1,66519.0,39977.0,50449.0,39976.0,1
PASTURE_TILT=1.0,episode-93790138-replay,Rucbic,1,77390.0,65613.0,72191.0,65572.0,1
PASTURE_TILT=1.0,episode-93790617-replay,Filippo Gombac,1,143532.0,116335.0,143163.0,116270.0,1
PASTURE_TILT=1.0,episode-93791108-replay,Victor's Team,0,83044.0,65882.0,81944.0,65687.0,1
PASTURE_TILT=1.0,episode-93791598-replay,Feng Jiahui,0,126589.0,106386.0,126365.0,106249.0,1
PASTURE_TILT=1.0,episode-93792088-replay,Yanxi Jiang,1,126283.0,102952.0,126471.0,102814.0,1
PASTURE_TILT=1.0,episode-93792566-replay,larry54321zhao,0,79296.0,63383.0,68680.0,61370.0,1
PASTURE_TILT=1.0,episode-93793057-replay,Kerem Ercin,1,107254.0,95604.0,103662.0,87325.0,1
PASTURE_TILT=1.0,episode-93793530-replay,Aic,1,143253.0,117616.0,142410.0,117444.0,1
PASTURE_TILT=1.0,episode-93794083-replay,Shivam_2212,1,99931.0,90116.0,87476.0,76584.0,1
PASTURE_TILT=1.0,episode-93794494-replay,Mike Mordetsky,1,70837.0,58220.0,69973.0,58125.0,1
PASTURE_TILT=1.0,episode-93794969-replay,B.Pushpanjali,1,80281.0,73088.0,75046.0,71935.0,1
PASTURE_TILT=1.0,episode-93795455-replay,José Luis Gómezz,0,99244.0,91546.0,89966.0,81611.0,1
PASTURE_TILT=1.0,episode-93795935-replay,iVl44d,1,85400.0,75941.0,84783.0,75923.0,1
PASTURE_TILT=1.0,episode-93796422-replay,Bibek,1,67785.0,56957.0,67295.0,56895.0,1
PASTURE_TILT=1.0,episode-93796916-replay,Chaitanya Sonaje,0,81274.0,65373.0,79996.0,65330.0,1
PASTURE_TILT=1.0,episode-93797242-replay,David Estevez,0,81766.0,79851.0,81108.0,79798.0,1
PASTURE_TILT=1.0,episode-93797397-replay,Utkarsh Prakash Srivastava,0,89348.0,79191.0,79078.0,66470.0,1
PASTURE_TILT=1.0,episode-93797877-replay,Vernon Campbell,0,70468.0,64784.0,67768.0,64739.0,1
PASTURE_TILT=1.0,episode-93798356-replay,Garigariyong,0,83558.0,67637.0,73205.0,60882.0,1
PASTURE_TILT=1.0,episode-93799715-replay,We are Charlie Brown,1,66255.0,68018.0,65305.0,67987.0,0
PASTURE_TILT=1.0,episode-93800883-replay,vijaikm,1,71717.0,72619.0,70792.0,72588.0,0
PASTURE_TILT=1.0,episode-93806633-replay,Yeswanthperni,0,90024.0,89730.0,89837.0,89683.0,1
PASTURE_TILT=1.0,episode-93808591-replay,Kevin Zhao,0,87248.0,77037.0,87063.0,76990.0,1
PASTURE_TILT=1.0,episode-93814174-replay,zyvren,1,107535.0,104380.0,106169.0,104372.0,1
PASTURE_TILT=1.0,episode-93818931-replay,Jeff Marc E. Cadet,0,72918.0,87655.0,61212.0,86742.0,0
PASTURE_TILT=1.0,episode-93828203-replay,RuiFSPinto,1,118398.0,126444.0,100904.0,99307.0,0
PASTURE_TILT=1.0,episode-93831516-replay,Yogesh Jadhav,1,116576.0,131216.0,112151.0,111064.0,0
PASTURE_TILT=1.0,episode-93844070-replay,Prashant,1,55854.0,50650.0,50737.0,50649.0,1
PASTURE_TILT=1.0,episode-93851015-replay,Maksim Borisov,0,93276.0,97303.0,92834.0,97271.0,0
PASTURE_TILT=1.0,episode-93853779-replay,Vigneshwaran S,0,109962.0,99759.0,95707.0,84105.0,1
PASTURE_TILT=1.0,episode-93855245-replay,Shantanu Kesarkar,1,65502.0,62713.0,64257.0,62654.0,1
PASTURE_TILT=1.0,episode-93859704-replay,Alexander Kokshenin,0,101868.0,99065.0,101383.0,98972.0,1
PASTURE_TILT=1.0,episode-93871275-replay,Yuzu,0,102902.0,101543.0,102193.0,101508.0,1
PASTURE_TILT=1.0,episode-93877486-replay,Lorenzo Regalado,1,92220.0,86755.0,91387.0,86643.0,1
PASTURE_TILT=1.0,episode-93878312-replay,UmutUygurr,0,81949.0,78419.0,81382.0,78292.0,1
PASTURE_TILT=1.0,episode-93879128-replay,Aadi,0,70670.0,74434.0,70412.0,74404.0,0
PASTURE_TILT=1.0,episode-93882793-replay,Songyot P,0,130979.0,129474.0,130122.0,129422.0,1
PASTURE_TILT=1.0,episode-93888993-replay,Alexander Kokshenin,0,82109.0,78715.0,80296.0,78691.0,1
PASTURE_TILT=1.0,episode-93891311-replay,mandgeee,0,100531.0,121094.0,88669.0,102467.0,0
PASTURE_TILT=1.0,episode-93892452-replay,lime0001,1,117587.0,116278.0,117754.0,116227.0,1
PASTURE_TILT=1.0,episode-93899596-replay,winwinwin,0,98944.0,108969.0,105206.0,101755.0,0
PASTURE_TILT=1.0,episode-93902117-replay,Kers Aoyagi,0,101993.0,110573.0,101824.0,110555.0,0
PASTURE_TILT=1.0,episode-93918571-replay,automatylicza,0,105395.0,114036.0,104847.0,114009.0,0
PASTURE_TILT=1.0,episode-93932078-replay,The Coder Geek Squad Leader,0,91594.0,89690.0,80569.0,79251.0,1
PASTURE_TILT=1.0,episode-93935341-replay,kay.liechtenstein,0,51699.0,55875.0,51511.0,55841.0,0
PASTURE_TILT=1.0,episode-93939954-replay,Yuki.O,0,85376.0,82135.0,85894.0,82092.0,1
PASTURE_TILT=1.0,episode-93952248-replay,Gaurav_065,0,136916.0,134870.0,137096.0,134813.0,1
PASTURE_TILT=1.0,episode-93955019-replay,stpete_ishii,0,81807.0,76194.0,78047.0,76162.0,1
PASTURE_TILT=1.0,episode-93970672-replay,ikeuchy,0,94837.0,97432.0,81064.0,80497.0,0
PASTURE_TILT=1.0,episode-93976060-replay,Aqib Raza,1,95885.0,95817.0,88521.0,87525.0,1
PASTURE_TILT=1.0,episode-93991785-replay,Alejandro Ayestaran,1,91211.0,89051.0,80900.0,80374.0,1
PASTURE_TILT=1.0,episode-93991966-replay,yuki #2,1,102569.0,101387.0,101596.0,101346.0,1
PASTURE_TILT=1.0,episode-93993495-replay,Raef Guizani,0,57977.0,59583.0,58207.0,59567.0,0
PASTURE_TILT=1.0,episode-94008657-replay,Lynxx,1,67791.0,49430.0,52662.0,49416.0,1
PASTURE_TILT=1.0,episode-94021856-replay,Junior Sohou,1,83914.0,75721.0,78191.0,74677.0,1
PASTURE_TILT=1.0,episode-94032149-replay,Furious Monk,1,71889.0,92745.0,61491.0,91568.0,0
PASTURE_TILT=1.0,episode-94042066-replay,LE4VES,1,68487.0,67207.0,68484.0,67175.0,1
PASTURE_TILT=1.0,episode-94044651-replay,Daris Dzakwan Hoesien,1,95760.0,94690.0,87554.0,86670.0,1
PASTURE_TILT=1.0,episode-94050542-replay,InformaBook2,0,124904.0,145928.0,124914.0,145895.0,0
PASTURE_TILT=1.0,episode-94050652-replay,vladee,0,52165.0,52487.0,47973.0,52467.0,0
PASTURE_TILT=1.0,episode-94053099-replay,Hak,1,91831.0,105342.0,85365.0,91806.0,0
PASTURE_TILT=1.0,episode-94061291-replay,Wufang Hong,1,94734.0,99848.0,94914.0,99812.0,0
PASTURE_TILT=1.0,episode-94066652-replay,yotsutose,1,49720.0,41972.0,40675.0,41817.0,1
PASTURE_TILT=1.0,episode-94072692-replay,RuiFSPinto,0,133151.0,132326.0,133075.0,132266.0,1
PASTURE_TILT=1.0,episode-94079902-replay,NIklitaCheporev,1,129992.0,133196.0,129831.0,133177.0,0
PASTURE_TILT=1.0,episode-94083373-replay,Gebreab K. Zewdie,1,112462.0,116382.0,112752.0,116344.0,0
PASTURE_TILT=1.0,episode-94083427-replay,Rahul Jiwane,1,78820.0,77710.0,79031.0,77658.0,1
PASTURE_TILT=1.0,episode-94085829-replay,Krzysztof Madziar,0,131791.0,141369.0,130945.0,141350.0,0
PASTURE_TILT=1.0,episode-94086726-replay,Izzoudine Mohamed KANTA,0,90746.0,98396.0,91344.0,98377.0,0
PASTURE_TILT=1.0,episode-94089395-replay,Ankit Hemant Lade,0,70101.0,70546.0,67162.0,70515.0,0
PASTURE_TILT=1.0,episode-94098102-replay,Le Trong Hieu,0,96050.0,94812.0,96605.0,94767.0,1
PASTURE_TILT=1.0,episode-94112306-replay,FinalSunFlower,1,113098.0,123330.0,112930.0,123310.0,0
PASTURE_TILT=1.0,episode-94112411-replay,Salem Ali,0,108616.0,106381.0,107461.0,106218.0,1
PASTURE_TILT=1.0,episode-94114912-replay,史永刚,0,102406.0,97975.0,101851.0,97939.0,1
PASTURE_TILT=1.0,episode-94129207-replay,ABHIRUP DAS,0,100716.0,96995.0,99396.0,96994.0,1
PASTURE_TILT=1.0,episode-94133492-replay,James Felipe,0,101083.0,113671.0,101427.0,113655.0,0
PASTURE_TILT=1.0,episode-94147462-replay,XYZ,0,107584.0,122257.0,108012.0,122226.0,0
PASTURE_TILT=1.0,episode-94150835-replay,william,0,109674.0,115083.0,112576.0,112021.0,0
PASTURE_TILT=1.0,episode-94163261-replay,Jacky Chan,1,89954.0,87319.0,89021.0,87281.0,1
PASTURE_TILT=1.0,episode-94171901-replay,Fususu,0,100620.0,106117.0,100448.0,106101.0,0
PASTURE_TILT=1.0,episode-94194480-replay,Astraeus,1,68097.0,89567.0,57625.0,89693.0,0
PASTURE_TILT=1.0,episode-94198770-replay,Vaibhav Patel,0,116662.0,117367.0,114985.0,117309.0,0
PASTURE_TILT=1.0,episode-94199259-replay,Alperen Söylen,0,99220.0,110519.0,99563.0,110495.0,0
PASTURE_TILT=1.0,episode-94206993-replay,Francesco Montone,1,61094.0,58532.0,58880.0,58510.0,1
PASTURE_TILT=1.0,episode-94223143-replay,Chiranjieev,1,135347.0,140740.0,135527.0,140759.0,0
PASTURE_TILT=1.0,episode-94226759-replay,Shantanu Kesarkar,1,57083.0,58155.0,56975.0,58139.0,0
PASTURE_TILT=1.0,episode-94242548-replay,maco-macoo,1,66935.0,64952.0,66216.0,64907.0,1
PASTURE_TILT=1.0,episode-94249446-replay,moss,1,110305.0,111384.0,110121.0,111363.0,0
PASTURE_TILT=1.0,episode-94253199-replay,patience,0,93573.0,92536.0,93840.0,92495.0,1
PASTURE_TILT=1.0,episode-94255141-replay,Feng Jiahui,1,128783.0,126720.0,128613.0,126678.0,1
PASTURE_TILT=1.0,episode-94262644-replay,Rilen T. L.,1,81458.0,81937.0,80632.0,81918.0,0
