episode,opponent,rank,lb_score,ours,theirs,margin,cause,cause_$,cause2,cause2_$,archetype,melon_day0,melon_late,cow,sheep,wheat_bought,quadrants,hands,pass_pct,shops
episode-93781740-replay,Jince,1713,1280.5,58067.0,92068.0,-34001.0,WOOL,34680,MELON,13589,"day-0 melon (new route), sheep-heavy x12, buys feed (837w), all 4 quadrants",12,0,6,12,837,4,12,9,"{""YARN_STORE"": 2, ""PET_CAFE"": 1, ""FARMERS_MARKET"": 3, ""BAKERY"": 1, ""ICE_CREAM_SHOP"": 1}"
episode-94194480-replay,Astraeus,1009,1869.0,57625.0,89693.0,-32068.0,WOOL,32733,MELON,13589,"day-0 melon (new route), sheep-heavy x12, buys feed (838w), all 4 quadrants",12,0,6,12,838,4,12,9,"{""PET_CAFE"": 3, ""YARN_STORE"": 2, ""SMOOTHIE_SHOP"": 1, ""BRUNCH_SPOT"": 1, ""BAKERY"": 1}"
episode-94032149-replay,Furious Monk,657,2101.9,61491.0,91568.0,-30077.0,WOOL,32885,MELON,13589,"day-0 melon (new route), sheep-heavy x12, buys feed (838w), all 4 quadrants",12,0,6,12,838,4,12,9,"{""YARN_STORE"": 4, ""FARMERS_MARKET"": 2, ""BAKERY"": 1, ""SMOOTHIE_SHOP"": 1}"
episode-93818931-replay,Jeff Marc E. Cadet,280,2456.6,61212.0,86742.0,-25530.0,WOOL,19104,MELON,13584,"day-0 melon (new route), sheep-heavy x8, buys feed (522w)",12,0,6,8,522,3,12,10,"{""YARN_STORE"": 2, ""FARMERS_MARKET"": 2, ""PET_CAFE"": 2, ""BAKERY"": 2}"
episode-94050542-replay,InformaBook2,486,2248.0,124914.0,145895.0,-20981.0,MILK,18799,MELON,13584,"day-0 melon (new route), cow-heavy x10, buys feed (522w)",12,0,10,4,522,3,12,10,"{""ICE_CREAM_SHOP"": 1, ""BAKERY"": 1, ""SMOOTHIE_SHOP"": 4, ""FARMERS_MARKET"": 1, ""PET_CAFE"": 1}"
episode-94147462-replay,XYZ,376,2359.0,108012.0,122226.0,-14214.0,MILK,14764,MELON,13584,"day-0 melon (new route), cow-heavy x10, buys feed (522w)",12,0,10,4,522,3,12,10,"{""PIZZA_SHOP"": 2, ""SMOOTHIE_SHOP"": 3, ""YARN_STORE"": 2, ""BAKERY"": 1}"
episode-93891311-replay,mandgeee,283,2455.1,88669.0,102467.0,-13798.0,WOOL,31942,FERTILIZER,2595,"day-0 melon (new route), sheep-heavy x12, buys feed (801w), all 4 quadrants",12,0,6,12,801,4,12,8,"{""YARN_STORE"": 2, ""SMOOTHIE_SHOP"": 2, ""PET_CAFE"": 2, ""FARMERS_MARKET"": 1, ""ICE_CREAM_SHOP"": 1}"
episode-94133492-replay,James Felipe,618,2137.1,101427.0,113655.0,-12228.0,MILK,15172,MELON,13584,"day-0 melon (new route), cow-heavy x10, buys feed (522w)",12,0,10,4,522,3,12,10,"{""PIZZA_SHOP"": 3, ""FARMERS_MARKET"": 1, ""SMOOTHIE_SHOP"": 2, ""BRUNCH_SPOT"": 1, ""BAKERY"": 1}"
episode-93788685-replay,iVl44d,1147,1748.0,117893.0,128973.0,-11080.0,WOOL,34643,FERTILIZER,2968,"day-0 melon (new route), sheep-heavy x12, buys feed (681w), all 4 quadrants",12,0,6,12,681,4,12,7,"{""YARN_STORE"": 2, ""ICE_CREAM_SHOP"": 2, ""SMOOTHIE_SHOP"": 2, ""PET_CAFE"": 1, ""BAKERY"": 1}"
episode-94199259-replay,Alperen Söylen,574,2175.7,99563.0,110495.0,-10932.0,MILK,15172,MELON,13597,"day-0 melon (new route), cow-heavy x10, buys feed (522w)",12,0,10,4,522,3,12,10,"{""PIZZA_SHOP"": 3, ""BRUNCH_SPOT"": 2, ""ICE_CREAM_SHOP"": 1, ""SMOOTHIE_SHOP"": 1, ""PET_CAFE"": 1}"
episode-93788202-replay,Jiayi Tang,1327,1631.7,125334.0,135865.0,-10531.0,MILK,14881,MELON,13604,"day-0 melon (new route), cow-heavy x10, buys feed (505w)",12,0,10,4,505,3,12,10,"{""SMOOTHIE_SHOP"": 2, ""PIZZA_SHOP"": 1, ""FARMERS_MARKET"": 1, ""ICE_CREAM_SHOP"": 1, ""PET_CAFE"": 2, ""BRUNCH_SPOT"": 1}"
episode-94085829-replay,Krzysztof Madziar,760,2032.8,130945.0,141350.0,-10405.0,MELON,13581,MILK,12557,"day-0 melon (new route), cow-heavy x10, buys feed (522w)",12,0,10,4,522,3,12,10,"{""ICE_CREAM_SHOP"": 1, ""SMOOTHIE_SHOP"": 2, ""YARN_STORE"": 2, ""PET_CAFE"": 2, ""BRUNCH_SPOT"": 1}"
episode-94112306-replay,FinalSunFlower,262,2472.9,112930.0,123310.0,-10380.0,MILK,14919,MELON,13584,"day-0 melon (new route), cow-heavy x10, buys feed (522w)",12,0,10,4,522,3,12,10,"{""SMOOTHIE_SHOP"": 1, ""ICE_CREAM_SHOP"": 1, ""PIZZA_SHOP"": 2, ""FARMERS_MARKET"": 1, ""BAKERY"": 1, ""PET_CAFE"": 2}"
episode-93918571-replay,automatylicza,229,2513.5,104847.0,114009.0,-9162.0,MELON,13584,MILK,13176,"day-0 melon (new route), cow-heavy x10, buys feed (502w)",12,0,10,4,502,3,12,10,"{""SMOOTHIE_SHOP"": 2, ""PIZZA_SHOP"": 2, ""FARMERS_MARKET"": 1, ""PET_CAFE"": 1, ""YARN_STORE"": 1, ""BAKERY"": 1}"
episode-93902117-replay,Kers Aoyagi,150,2608.1,101824.0,110555.0,-8731.0,MELON,13618,MILK,10378,"day-0 melon (new route), cow-heavy x10, buys feed (5130w)",12,0,10,4,5130,3,12,9,"{""PIZZA_SHOP"": 1, ""BRUNCH_SPOT"": 1, ""ICE_CREAM_SHOP"": 2, ""PET_CAFE"": 2, ""YARN_STORE"": 2}"
episode-94086726-replay,Izzoudine Mohamed KANTA,291,2450.5,91344.0,98377.0,-7033.0,MELON,13584,MILK,10017,"day-0 melon (new route), cow-heavy x10, buys feed (522w)",12,0,10,4,522,3,12,10,"{""BRUNCH_SPOT"": 1, ""BAKERY"": 2, ""PIZZA_SHOP"": 1, ""SMOOTHIE_SHOP"": 4}"
episode-94053099-replay,Hak,416,2315.1,85365.0,91806.0,-6441.0,MELON,13673,MILK,7436,"day-0 melon (new route), cow-heavy x10, buys feed (522w)",12,0,10,4,522,3,12,10,"{""BAKERY"": 2, ""YARN_STORE"": 1, ""ICE_CREAM_SHOP"": 3, ""PIZZA_SHOP"": 1, ""SMOOTHIE_SHOP"": 1}"
episode-94171901-replay,Fususu,759,2033.1,100448.0,106101.0,-5653.0,MELON,13584,MILK,8506,"day-0 melon (new route), cow-heavy x10, buys feed (522w)",12,0,10,4,522,3,12,10,"{""PIZZA_SHOP"": 1, ""ICE_CREAM_SHOP"": 1, ""BRUNCH_SPOT"": 2, ""FARMERS_MARKET"": 1, ""PET_CAFE"": 2, ""SMOOTHIE_SHOP"": 1}"
episode-94223143-replay,Chiranjieev,414,2315.3,135527.0,140759.0,-5232.0,MILK,13941,MELON,13584,"day-0 melon (new route), cow-heavy x10, buys feed (522w)",12,0,10,4,522,3,12,10,"{""SMOOTHIE_SHOP"": 3, ""BRUNCH_SPOT"": 2, ""ICE_CREAM_SHOP"": 2, ""PET_CAFE"": 1}"
episode-94061291-replay,Wufang Hong,71,2720.2,94914.0,99812.0,-4898.0,MILK,2401,STRAWBERRY,1258,day-10 melon (our generation),5,14,8,4,189,3,14,5,"{""PIZZA_SHOP"": 3, ""FARMERS_MARKET"": 1, ""SMOOTHIE_SHOP"": 1, ""BAKERY"": 2, ""BRUNCH_SPOT"": 1}"
episode-94050652-replay,vladee,761,2032.1,47973.0,52467.0,-4494.0,MELON,13584,MILK,3566,"day-0 melon (new route), cow-heavy x10, buys feed (522w)",12,0,10,4,522,3,12,10,"{""PET_CAFE"": 2, ""ICE_CREAM_SHOP"": 1, ""BAKERY"": 1, ""SMOOTHIE_SHOP"": 2, ""FARMERS_MARKET"": 1, ""PIZZA_SHOP"": 1}"
episode-93851015-replay,Maksim Borisov,258,2476.8,92834.0,97271.0,-4437.0,MELON,13584,MILK,7653,"day-0 melon (new route), cow-heavy x10, buys feed (522w)",12,0,10,4,522,3,12,10,"{""FARMERS_MARKET"": 1, ""SMOOTHIE_SHOP"": 3, ""BAKERY"": 1, ""PIZZA_SHOP"": 1, ""PET_CAFE"": 1, ""YARN_STORE"": 1}"
episode-93935341-replay,kay.liechtenstein,852,1967.6,51511.0,55841.0,-4330.0,MILK,1764,STRAWBERRY,1452,day-10 melon (our generation),5,14,8,4,189,3,14,4,"{""FARMERS_MARKET"": 2, ""BAKERY"": 3, ""PIZZA_SHOP"": 1, ""BRUNCH_SPOT"": 1, ""PET_CAFE"": 1}"
episode-93879128-replay,Aadi,755,2035.0,70412.0,74404.0,-3992.0,WOOL,7999,MILK,1159,day-10 melon (our generation),5,14,8,6,219,3,14,14,"{""FARMERS_MARKET"": 1, ""BAKERY"": 2, ""YARN_STORE"": 1, ""PIZZA_SHOP"": 1, ""ICE_CREAM_SHOP"": 2, ""PET_CAFE"": 1}"
episode-94083373-replay,Gebreab K. Zewdie,544,2206.0,112752.0,116344.0,-3592.0,STRAWBERRY,2981,MILK,365,day-10 melon (our generation),5,14,8,4,189,3,14,5,"{""PIZZA_SHOP"": 1, ""SMOOTHIE_SHOP"": 1, ""BRUNCH_SPOT"": 2, ""FARMERS_MARKET"": 1, ""ICE_CREAM_SHOP"": 1, ""BAKERY"": 2}"
episode-94089395-replay,Ankit Hemant Lade,1097,1788.5,67162.0,70515.0,-3353.0,MELON,13584,MILK,2839,"day-0 melon (new route), cow-heavy x10, buys feed (522w)",12,0,10,4,522,3,12,10,"{""PET_CAFE"": 2, ""ICE_CREAM_SHOP"": 1, ""YARN_STORE"": 2, ""BRUNCH_SPOT"": 1, ""PIZZA_SHOP"": 1, ""FARMERS_MARKET"": 1}"
episode-94079902-replay,NIklitaCheporev,883,1951.3,129831.0,133177.0,-3346.0,MELON,13604,MILK,3204,"day-0 melon (new route), buys feed (555w)",12,1,8,6,555,3,12,10,"{""SMOOTHIE_SHOP"": 3, ""FARMERS_MARKET"": 3, ""BRUNCH_SPOT"": 1, ""ICE_CREAM_SHOP"": 1}"
episode-93799715-replay,We are Charlie Brown,51,2762.8,65305.0,67987.0,-2682.0,MELON,13584,MILK,2632,"day-0 melon (new route), cow-heavy x10, buys feed (522w)",12,0,10,4,522,3,12,9,"{""PET_CAFE"": 2, ""BRUNCH_SPOT"": 2, ""PIZZA_SHOP"": 1, ""YARN_STORE"": 1, ""SMOOTHIE_SHOP"": 1, ""ICE_CREAM_SHOP"": 1}"
episode-94198770-replay,Vaibhav Patel,935,1913.1,114985.0,117309.0,-2324.0,STRAWBERRY,2064,WOOL,144,day-10 melon (our generation),5,14,8,4,189,3,14,5,"{""ICE_CREAM_SHOP"": 2, ""PET_CAFE"": 2, ""FARMERS_MARKET"": 2, ""BRUNCH_SPOT"": 1, ""SMOOTHIE_SHOP"": 1}"
episode-93800883-replay,vijaikm,901,1940.4,70792.0,72588.0,-1796.0,MELON,13584,MILK,3177,"day-0 melon (new route), cow-heavy x10, buys feed (522w)",12,0,10,4,522,3,12,10,"{""BAKERY"": 1, ""SMOOTHIE_SHOP"": 1, ""YARN_STORE"": 1, ""PET_CAFE"": 2, ""FARMERS_MARKET"": 1, ""PIZZA_SHOP"": 1, ""ICE_CREAM_SHOP"": 1}"
episode-93993495-replay,Raef Guizani,1484,1477.1,58207.0,59567.0,-1360.0,MELON,13584,MILK,3241,"day-0 melon (new route), cow-heavy x10, buys feed (522w)",12,0,10,4,522,3,12,10,"{""PIZZA_SHOP"": 1, ""BAKERY"": 1, ""BRUNCH_SPOT"": 3, ""PET_CAFE"": 1, ""SMOOTHIE_SHOP"": 1, ""ICE_CREAM_SHOP"": 1}"
episode-94262644-replay,Rilen T. L.,670,2093.5,80632.0,81918.0,-1286.0,MELON,13584,MILK,3112,"day-0 melon (new route), cow-heavy x10, buys feed (522w)",12,0,10,4,522,3,12,10,"{""PET_CAFE"": 1, ""BRUNCH_SPOT"": 1, ""SMOOTHIE_SHOP"": 1, ""FARMERS_MARKET"": 2, ""ICE_CREAM_SHOP"": 1, ""PIZZA_SHOP"": 1, ""BAKERY"": 1}"
episode-94249446-replay,moss,709,2069.8,110121.0,111363.0,-1242.0,MELON,13586,MILK,4506,"day-0 melon (new route), cow-heavy x10, buys feed (502w)",12,0,10,4,502,3,12,10,"{""FARMERS_MARKET"": 3, ""SMOOTHIE_SHOP"": 3, ""BRUNCH_SPOT"": 2}"
episode-93761159-replay,Saivedant Hava,2159,953.2,67721.0,68926.0,-1205.0,WOOL,29211,MELON,8437,"day-0 melon (new route), sheep-heavy x12",16,6,6,12,259,3,13,14,"{""PET_CAFE"": 2, ""YARN_STORE"": 3, ""SMOOTHIE_SHOP"": 1, ""BAKERY"": 2}"
episode-94226759-replay,Shantanu Kesarkar,851,1967.7,56975.0,58139.0,-1164.0,MELON,13584,MILK,2635,"day-0 melon (new route), cow-heavy x10, buys feed (522w)",12,0,10,4,522,3,12,10,"{""BAKERY"": 1, ""BRUNCH_SPOT"": 2, ""PIZZA_SHOP"": 1, ""PET_CAFE"": 1, ""FARMERS_MARKET"": 1, ""YARN_STORE"": 2}"
episode-93788031-replay,Cary Jin,1497,1461.5,111947.0,113105.0,-1158.0,MELON,13586,MILK,2884,"day-0 melon (new route), buys feed (612w)",12,0,8,6,612,3,12,10,"{""ICE_CREAM_SHOP"": 1, ""BRUNCH_SPOT"": 2, ""FARMERS_MARKET"": 3, ""SMOOTHIE_SHOP"": 1, ""PIZZA_SHOP"": 1}"
episode-94066652-replay,yotsutose,460,2272.0,40675.0,41817.0,-1142.0,STRAWBERRY,688,MILK,247,day-10 melon (our generation),5,14,8,4,189,3,14,5,"{""PET_CAFE"": 3, ""BRUNCH_SPOT"": 1, ""BAKERY"": 2, ""FARMERS_MARKET"": 1, ""ICE_CREAM_SHOP"": 1}"
episode-93789175-replay,Prajwal M,717,2061.1,86219.0,86714.0,-495.0,WOOL,20548,FERTILIZER,1719,"day-10 melon (our generation), sheep-heavy x11",5,14,6,11,283,3,14,16,"{""PIZZA_SHOP"": 2, ""YARN_STORE"": 3, ""PET_CAFE"": 1, ""SMOOTHIE_SHOP"": 1, ""BAKERY"": 1}"
episode-93757069-replay,Harshith revuru,939,1910.7,51762.0,52007.0,-245.0,STRAWBERRY,345,WHEAT,0,day-10 melon (our generation),5,14,8,4,189,3,14,5,"{""PET_CAFE"": 5, ""SMOOTHIE_SHOP"": 1, ""ICE_CREAM_SHOP"": 1, ""BRUNCH_SPOT"": 1}"
